request_id,amount_safe_to_pay,affordability_status,recommended_payment_method,payment_plan,earliest_date_for_full_payment,spending_changes_needed,decision_explanation
request_100,31359.03,affordable_with_plan,installments,2024-06-13:12866.19|2024-07-14:12866.19|2024-08-14:12866.19,2024-06-15,none,Installments of 3 payments totaling 38598.57 starting 2024-06-13 complete the request safely within the permitted duration. The projected minimum balance is 50992.84.
request_101,143500,affordable_now,full_payment,2025-11-03:143500,2025-11-03,none,Full payment of 143500 is safe on 2025-11-03 while preserving the required minimum balance. The projected minimum balance is 210382.84.
request_102,1716,affordable_with_plan,installments,2026-04-05:594.88|2026-05-05:594.88|2026-06-04:594.88,2026-04-05,none,Installments of 3 payments totaling 1784.64 starting 2026-04-05 complete the request safely within the permitted duration. The projected minimum balance is 953.84.
request_103,6887.98,not_affordable,not_recommended,none,,none,"No safe option completes the 368300 request within the forecast horizon. The amount safe to pay today is 6887.98, which cannot be completed safely with any available payment plan."
request_104,17204,affordable_now,full_payment,2025-02-04:17204,2025-02-04,none,Full payment of 17204 is safe on 2025-02-04 while preserving the required minimum balance. The projected minimum balance is 29813.63.
request_105,53500,affordable_now,full_payment,2026-06-08:53500,2026-06-08,none,Full payment of 53500 is safe on 2026-06-08 while preserving the required minimum balance. The projected minimum balance is 87481.88.
request_106,562.84,affordable_later,wait,2025-01-15:2207.70,2025-01-15,none,"Wait until 2025-01-15 to make the full payment of 2207.7, preserving the required minimum balance. The projected minimum balance is 1368.38."
request_107,0,not_affordable,not_recommended,none,,none,"No safe option completes the 2534.4 request within the forecast horizon. The amount safe to pay today is 0, which cannot be completed safely with any available payment plan."
request_108,4947.66,not_affordable,not_recommended,none,,none,"No safe option completes the 55308 request within the forecast horizon. The amount safe to pay today is 4947.66, which cannot be completed safely with any available payment plan."
request_109,810,affordable_with_plan,installments,2024-03-18:645.98|2024-04-18:645.98|2024-05-19:645.98,2024-03-15,none,Installments of 3 payments totaling 1937.94 starting 2024-03-18 complete the request safely within the permitted duration. The projected minimum balance is 2510.
request_110,22352,affordable_with_plan,installments,2025-08-06:7748.69|2025-09-03:7748.69|2025-10-01:7748.69,2025-08-06,none,Installments of 3 payments totaling 23246.07 starting 2025-08-06 complete the request safely within the permitted duration. The projected minimum balance is 12762.56.
request_111,16625000,affordable_now,full_payment,2026-04-03:16625000,2026-04-03,none,Full payment of 16625000 is safe on 2026-04-03 while preserving the required minimum balance. The projected minimum balance is 33322494.84.
request_112,0,not_affordable,not_recommended,none,,none,"No safe option completes the 271.7 request within the forecast horizon. The amount safe to pay today is 0, which cannot be completed safely with any available payment plan."
request_113,36500,affordable_now,full_payment,2026-09-04:36500,2026-09-04,none,Full payment of 36500 is safe on 2026-09-04 while preserving the required minimum balance. The projected minimum balance is 88530.3.
request_114,65300,affordable_now,full_payment,2026-01-04:65300,2026-01-04,none,Full payment of 65300 is safe on 2026-01-04 while preserving the required minimum balance. The projected minimum balance is 121814.61.
request_115,16946.71,affordable_later,wait,2024-10-15:80500,2024-10-15,none,"Wait until 2024-10-15 to make the full payment of 80500, preserving the required minimum balance. The projected minimum balance is 46270.13."
request_116,23850.34,not_affordable,not_recommended,none,,none,"No safe option completes the 241200 request within the forecast horizon. The amount safe to pay today is 23850.34, which cannot be completed safely with any available payment plan."
request_117,557.51,not_affordable,not_recommended,none,2026-08-15,none,No safe option completes the 880 request by the desired date. The amount safe to pay today is 557.51.
request_118,736.62,affordable_with_plan,installments,2024-12-07:255.87|2025-01-07:255.87|2025-02-07:255.87,2024-12-15,none,Installments of 3 payments totaling 767.61 starting 2024-12-07 complete the request safely within the permitted duration. The projected minimum balance is 899.6.
request_119,0,not_affordable,not_recommended,none,,none,"No safe option completes the 203500 request within the forecast horizon. The amount safe to pay today is 0, which cannot be completed safely with any available payment plan."
request_120,7714000,affordable_now,full_payment,2026-04-06:7714000,2026-04-06,none,Full payment of 7714000 is safe on 2026-04-06 while preserving the required minimum balance. The projected minimum balance is 22619480.
request_121,633.6,affordable_now,full_payment,2024-03-03:633.60,2024-03-03,none,Full payment of 633.6 is safe on 2024-03-03 while preserving the required minimum balance. The projected minimum balance is 845.18.
request_122,20558000,affordable_with_plan,installments,2025-08-05:7126773.33|2025-09-02:7126773.33|2025-09-30:7126773.33,2025-08-05,none,Installments of 3 payments totaling 21380319.99 starting 2025-08-05 complete the request safely within the permitted duration. The projected minimum balance is 35152778.56.
request_123,4076000,affordable_now,full_payment,2026-01-07:4076000,2026-01-07,none,Full payment of 4076000 is safe on 2026-01-07 while preserving the required minimum balance. The projected minimum balance is 19819834.55.
request_124,1532.4,affordable_with_plan,installments,2024-06-11:1076.12|2024-07-12:1076.12|2024-08-12:1076.12,2024-07-15,none,Installments of 3 payments totaling 3228.36 starting 2024-06-11 complete the request safely within the permitted duration. The projected minimum balance is 2056.28.
request_125,6468,affordable_now,full_payment,2025-11-06:6468,2025-11-06,none,Full payment of 6468 is safe on 2025-11-06 while preserving the required minimum balance. The projected minimum balance is 12171.24.
request_126,82249.04,not_affordable,not_recommended,none,,none,"No safe option completes the 159600 request within the forecast horizon. The amount safe to pay today is 82249.04, which cannot be completed safely with any available payment plan."
request_127,0,not_affordable,not_recommended,none,,none,"No safe option completes the 23980 request within the forecast horizon. The amount safe to pay today is 0, which cannot be completed safely with any available payment plan."
request_128,25168,affordable_now,full_payment,2025-02-07:25168,2025-02-07,none,Full payment of 25168 is safe on 2025-02-07 while preserving the required minimum balance. The projected minimum balance is 46674.81.
request_129,151.24,not_affordable,not_recommended,none,,none,"No safe option completes the 2668.8 request within the forecast horizon. The amount safe to pay today is 151.24, which cannot be completed safely with any available payment plan."
request_130,464.81,affordable_later,wait,2025-02-15:1978.80,2025-02-15,none,"Wait until 2025-02-15 to make the full payment of 1978.8, preserving the required minimum balance. The projected minimum balance is 1864.81."
request_131,0,not_affordable,not_recommended,none,,none,"No safe option completes the 1855.2 request within the forecast horizon. The amount safe to pay today is 0, which cannot be completed safely with any available payment plan."
request_132,379.86,affordable_now,full_payment,2026-01-05:379.86,2026-01-05,none,Full payment of 379.86 is safe on 2026-01-05 while preserving the required minimum balance. The projected minimum balance is 1191.95.
request_133,1710746.49,not_affordable,not_recommended,none,,none,"No safe option completes the 15770000 request within the forecast horizon. The amount safe to pay today is 1710746.49, which cannot be completed safely with any available payment plan."
request_134,6737025.01,affordable_later,wait,2025-09-15:21831000,2025-09-15,none,"Wait until 2025-09-15 to make the full payment of 21831000, preserving the required minimum balance. The projected minimum balance is 20378300.39."
request_135,0,not_affordable,not_recommended,none,,none,"No safe option completes the 304.8 request within the forecast horizon. The amount safe to pay today is 0, which cannot be completed safely with any available payment plan."
request_136,560.4,affordable_now,full_payment,2024-06-03:560.40,2024-06-03,none,Full payment of 560.4 is safe on 2024-06-03 while preserving the required minimum balance. The projected minimum balance is 1169.58.
request_137,36833.15,affordable_later,wait,2025-12-15:80100,2025-12-15,none,"Wait until 2025-12-15 to make the full payment of 80100, preserving the required minimum balance. The projected minimum balance is 73904.43."
request_138,916.09,affordable_with_plan,partial_payment,2026-04-07:916.09|2026-04-15:340.85,2026-04-15,none,"A partial payment of 916.09 is safe now, with the remainder of 340.85 scheduled for 2026-04-15. The projected minimum balance is 2300."
request_139,1505.17,affordable_with_plan,installments,2024-09-07:802.88|2024-10-08:802.88|2024-11-08:802.88,2024-10-15,none,Installments of 3 payments totaling 2408.64 starting 2024-09-07 complete the request safely within the permitted duration. The projected minimum balance is 1953.6.
request_140,0,not_affordable,not_recommended,none,,none,"No safe option completes the 62832 request within the forecast horizon. The amount safe to pay today is 0, which cannot be completed safely with any available payment plan."
request_141,37598.84,not_affordable,not_recommended,none,2026-03-15,none,No safe option completes the 171600 request by the desired date. The amount safe to pay today is 37598.84.
request_142,1263.6,affordable_now,full_payment,2024-12-05:1263.60,2024-12-05,none,Full payment of 1263.6 is safe on 2024-12-05 while preserving the required minimum balance. The projected minimum balance is 1767.19.
request_143,3352.68,affordable_later,wait,2025-06-15:12584,2025-06-15,none,"Wait until 2025-06-15 to make the full payment of 12584, preserving the required minimum balance. The projected minimum balance is 12681.81."
request_144,0,not_affordable,not_recommended,none,,none,"No safe option completes the 233.34 request within the forecast horizon. The amount safe to pay today is 0, which cannot be completed safely with any available payment plan."
request_145,61523.43,affordable_with_plan,installments,2024-03-20:75365.33|2024-04-20:75365.33|2024-05-21:75365.33,2024-04-15,none,Installments of 3 payments totaling 226095.99 starting 2024-03-20 complete the request safely within the permitted duration. The projected minimum balance is 216923.43.
request_146,25072.28,not_affordable,not_recommended,none,,none,"No safe option completes the 449400 request within the forecast horizon. The amount safe to pay today is 25072.28, which cannot be completed safely with any available payment plan."
request_147,0,not_affordable,not_recommended,none,,none,"No safe option completes the 1129.7 request within the forecast horizon. The amount safe to pay today is 0, which cannot be completed safely with any available payment plan."
request_148,8958.15,affordable_with_plan,installments,2024-06-14:7710.56|2024-07-15:7710.56|2024-08-15:7710.56,2024-06-15,none,Installments of 3 payments totaling 23131.68 starting 2024-06-14 complete the request safely within the permitted duration. The projected minimum balance is 21247.59.
request_149,26055.1,affordable_with_plan,installments,2025-11-18:12706.03|2025-12-16:12706.03|2026-01-13:12706.03,2025-11-15,none,Installments of 3 payments totaling 38118.09 starting 2025-11-18 complete the request safely within the permitted duration. The projected minimum balance is 57268.82.
request_150,404.77,affordable_with_plan,installments,2026-01-06:171.98|2026-02-05:171.98|2026-03-07:171.98,2026-02-15,stop:event_13785,Installments of 3 payments totaling 515.94 starting 2026-01-06 complete the request safely within the permitted duration. The projected minimum balance is 709.53.
request_151,26999000,affordable_now,full_payment,2024-09-03:26999000,2024-09-03,none,Full payment of 26999000 is safe on 2024-09-03 while preserving the required minimum balance. The projected minimum balance is 35846330.53.
request_152,12485.52,affordable_with_plan,installments,2025-02-12:4812.43|2025-03-12:4812.43|2025-04-09:4812.43,2025-02-15,none,Installments of 3 payments totaling 14437.29 starting 2025-02-12 complete the request safely within the permitted duration. The projected minimum balance is 18749.42.
request_153,310.84,not_affordable,not_recommended,none,,none,"No safe option completes the 2830.8 request within the forecast horizon. The amount safe to pay today is 310.84, which cannot be completed safely with any available payment plan."
request_154,1625.8,affordable_with_plan,installments,2024-12-04:563.61|2025-01-04:563.61|2025-02-04:563.61,2024-12-04,none,Installments of 3 payments totaling 1690.83 starting 2024-12-04 complete the request safely within the permitted duration. The projected minimum balance is 3506.7.
request_155,104706.9,not_affordable,not_recommended,none,2025-06-15,none,No safe option completes the 112500 request by the desired date. The amount safe to pay today is 104706.9.
request_156,9533.6,affordable_later,wait,2026-05-15:43076,2026-05-15,none,"Wait until 2026-05-15 to make the full payment of 43076, preserving the required minimum balance. The projected minimum balance is 27776.79."
request_157,6968905.82,affordable_later,wait,2024-05-15:23503000,2024-05-15,none,"Wait until 2024-05-15 to make the full payment of 23503000, preserving the required minimum balance. The projected minimum balance is 22683005.82."
request_158,242600,affordable_with_plan,installments,2025-08-07:84101.33|2025-09-04:84101.33|2025-10-02:84101.33,2025-08-07,none,Installments of 3 payments totaling 252303.99 starting 2025-08-07 complete the request safely within the permitted duration. The projected minimum balance is 165408.53.
request_159,2575.64,not_affordable,not_recommended,none,,none,"No safe option completes the 13398 request within the forecast horizon. The amount safe to pay today is 2575.64, which cannot be completed safely with any available payment plan."
request_160,658.61,affordable_with_plan,installments,2024-06-13:432.05|2024-07-14:432.05|2024-08-14:432.05,2024-06-15,none,Installments of 3 payments totaling 1296.15 starting 2024-06-13 complete the request safely within the permitted duration. The projected minimum balance is 1426.56.
request_161,0,not_affordable,not_recommended,none,,none,"No safe option completes the 21204000 request within the forecast horizon. The amount safe to pay today is 0, which cannot be completed safely with any available payment plan."
request_162,0,not_affordable,not_recommended,none,,none,"No safe option completes the 83923000 request within the forecast horizon. The amount safe to pay today is 0, which cannot be completed safely with any available payment plan."
request_163,12725294.08,affordable_with_plan,installments,2024-09-10:6692053.33|2024-10-11:6692053.33|2024-11-11:6692053.33,2024-09-15,none,Installments of 3 payments totaling 20076159.99 starting 2024-09-10 complete the request safely within the permitted duration. The projected minimum balance is 32761940.75.
request_164,27018000,affordable_with_plan,installments,2025-02-11:9366240|2025-03-11:9366240|2025-04-08:9366240,2025-02-04,none,Installments of 3 payments totaling 28098720 starting 2025-02-11 complete the request safely within the permitted duration. The projected minimum balance is 53159417.88.
request_165,80600,affordable_now,full_payment,2026-04-06:80600,2026-04-06,none,Full payment of 80600 is safe on 2026-04-06 while preserving the required minimum balance. The projected minimum balance is 123198.
request_166,2907.6,affordable_with_plan,installments,2024-12-03:1007.97|2025-01-03:1007.97|2025-02-03:1007.97,2024-12-03,none,Installments of 3 payments totaling 3023.91 starting 2024-12-03 complete the request safely within the permitted duration. The projected minimum balance is 2290.56.
request_167,0,not_affordable,not_recommended,none,,none,"No safe option completes the 43802 request within the forecast horizon. The amount safe to pay today is 0, which cannot be completed safely with any available payment plan."
request_168,40081.96,affordable_with_plan,partial_payment,2026-01-07:40081.96|2026-03-15:9298.04,2026-03-15,none,"A partial payment of 40081.96 is safe now, with the remainder of 9298.04 scheduled for 2026-03-15. The projected minimum balance is 114400."
request_169,41976,affordable_now,full_payment,2024-03-04:41976,2024-03-04,none,Full payment of 41976 is safe on 2024-03-04 while preserving the required minimum balance. The projected minimum balance is 28611.92.
request_170,34940342.64,affordable_with_plan,installments,2025-08-06:12804480|2025-09-03:12804480|2025-10-01:12804480,2025-08-15,none,Installments of 3 payments totaling 38413440 starting 2025-08-06 complete the request safely within the permitted duration. The projected minimum balance is 46851662.64.
request_171,114.07,not_affordable,not_recommended,none,,none,"No safe option completes the 1878.8 request within the forecast horizon. The amount safe to pay today is 114.07, which cannot be completed safely with any available payment plan."
request_172,10200,affordable_with_plan,installments,2024-06-05:5304|2024-07-03:5304,2024-06-05,none,Installments of 2 payments totaling 10608 starting 2024-06-05 complete the request safely within the permitted duration. The projected minimum balance is 33847.08.
request_173,71396.3,affordable_with_plan,installments,2025-11-21:39173.33|2025-12-19:39173.33|2026-01-16:39173.33,2025-11-15,none,Installments of 3 payments totaling 117519.99 starting 2025-11-21 complete the request safely within the permitted duration. The projected minimum balance is 150496.3.
request_174,1146.2,affordable_with_plan,installments,2026-04-04:397.35|2026-05-04:397.35|2026-06-03:397.35,2026-04-04,none,Installments of 3 payments totaling 1192.05 starting 2026-04-04 complete the request safely within the permitted duration. The projected minimum balance is 961.34.
request_175,2346.3,affordable_now,full_payment,2024-09-06:2346.30,2024-09-06,none,Full payment of 2346.3 is safe on 2024-09-06 while preserving the required minimum balance. The projected minimum balance is 2068.5.
request_176,300.03,not_affordable,not_recommended,none,,none,"No safe option completes the 1239.7 request within the forecast horizon. The amount safe to pay today is 300.03, which cannot be completed safely with any available payment plan."
request_177,1017.6,affordable_now,full_payment,2026-01-05:1017.60,2026-01-05,none,Full payment of 1017.6 is safe on 2026-01-05 while preserving the required minimum balance. The projected minimum balance is 1745.91.
request_178,2938.1,affordable_with_plan,installments,2024-12-07:1018.54|2025-01-07:1018.54|2025-02-07:1018.54,2024-12-07,none,Installments of 3 payments totaling 3055.62 starting 2024-12-07 complete the request safely within the permitted duration. The projected minimum balance is 1879.26.
request_179,14294214.16,affordable_later,wait,2025-06-15:41648000,2025-06-15,none,"Wait until 2025-06-15 to make the full payment of 41648000, preserving the required minimum balance. The projected minimum balance is 45076688.66."
request_180,0,not_affordable,not_recommended,none,,none,"No safe option completes the 66500 request within the forecast horizon. The amount safe to pay today is 0, which cannot be completed safely with any available payment plan."
request_181,524.85,not_affordable,not_recommended,none,,none,"No safe option completes the 5059.2 request within the forecast horizon. The amount safe to pay today is 524.85, which cannot be completed safely with any available payment plan."
request_182,65714,affordable_now,full_payment,2025-08-05:65714,2025-08-05,none,Full payment of 65714 is safe on 2025-08-05 while preserving the required minimum balance. The projected minimum balance is 46022.16.
request_183,26451222.5,affordable_with_plan,installments,2026-04-10:9313546.67|2026-05-10:9313546.67|2026-06-09:9313546.67,2026-04-15,none,Installments of 3 payments totaling 27940640.01 starting 2026-04-10 complete the request safely within the permitted duration. The projected minimum balance is 28700320.75.
request_184,21695.09,not_affordable,not_recommended,none,,none,"No safe option completes the 251900 request within the forecast horizon. The amount safe to pay today is 21695.09, which cannot be completed safely with any available payment plan."
request_185,554.31,affordable_later,wait,2025-12-15:1257.30,2025-12-15,none,"Wait until 2025-12-15 to make the full payment of 1257.3, preserving the required minimum balance. The projected minimum balance is 1743.3."
request_186,8650.61,not_affordable,not_recommended,none,,none,"No safe option completes the 26554 request within the forecast horizon. The amount safe to pay today is 8650.61, which cannot be completed safely with any available payment plan."
request_187,47521.87,affordable_later,wait,2024-10-15:187500,2024-10-15,none,"Wait until 2024-10-15 to make the full payment of 187500, preserving the required minimum balance. The projected minimum balance is 169295.61."
request_188,194.33,not_affordable,not_recommended,none,,none,"No safe option completes the 2464 request within the forecast horizon. The amount safe to pay today is 194.33, which cannot be completed safely with any available payment plan."
request_189,435.94,not_affordable,not_recommended,none,2026-08-15,none,No safe option completes the 488.4 request by the desired date. The amount safe to pay today is 435.94.
request_190,910.67,affordable_later,wait,2025-01-15:2557.50,2025-01-15,none,"Wait until 2025-01-15 to make the full payment of 2557.5, preserving the required minimum balance. The projected minimum balance is 1785.01."
request_191,664.4,affordable_now,full_payment,2025-05-03:664.40,2025-05-03,none,Full payment of 664.4 is safe on 2025-05-03 while preserving the required minimum balance. The projected minimum balance is 675.73.
request_192,198.15,not_affordable,not_recommended,none,,none,"No safe option completes the 2046 request within the forecast horizon. The amount safe to pay today is 198.15, which cannot be completed safely with any available payment plan."
request_193,138.7,affordable_with_plan,installments,2024-03-21:420.23|2024-04-21:420.23|2024-05-22:420.23,2024-03-15,none,Installments of 3 payments totaling 1260.69 starting 2024-03-21 complete the request safely within the permitted duration. The projected minimum balance is 1138.7.
request_194,0,not_affordable,not_recommended,none,,none,"No safe option completes the 132800 request within the forecast horizon. The amount safe to pay today is 0, which cannot be completed safely with any available payment plan."
request_195,1107.67,not_affordable,not_recommended,none,2026-03-15,none,No safe option completes the 1170.4 request by the desired date. The amount safe to pay today is 1107.67.
request_196,762.3,affordable_now,full_payment,2024-06-03:762.30,2024-06-03,none,Full payment of 762.3 is safe on 2024-06-03 while preserving the required minimum balance. The projected minimum balance is 704.34.
request_197,0,not_affordable,not_recommended,none,,none,"No safe option completes the 50939000 request within the forecast horizon. The amount safe to pay today is 0, which cannot be completed safely with any available payment plan."
request_198,185800,affordable_now,full_payment,2026-07-07:185800,2026-07-07,none,Full payment of 185800 is safe on 2026-07-07 while preserving the required minimum balance. The projected minimum balance is 174305.64.
request_199,23674000,affordable_with_plan,installments,2024-09-07:8206986.67|2024-10-08:8206986.67|2024-11-08:8206986.67,2024-09-04,none,Installments of 3 payments totaling 24620960.01 starting 2024-09-07 complete the request safely within the permitted duration. The projected minimum balance is 123507957.46.
request_200,21717000,affordable_now,full_payment,2025-02-06:21717000,2025-02-06,none,Full payment of 21717000 is safe on 2025-02-06 while preserving the required minimum balance. The projected minimum balance is 27319624.62.
request_201,23997000,affordable_now,full_payment,2026-04-03:23997000,2026-04-03,none,Full payment of 23997000 is safe on 2026-04-03 while preserving the required minimum balance. The projected minimum balance is 51745882.68.
request_202,123900,affordable_now,full_payment,2024-12-05:123900,2024-12-05,none,Full payment of 123900 is safe on 2024-12-05 while preserving the required minimum balance. The projected minimum balance is 184829.54.
request_203,1442.1,affordable_with_plan,installments,2025-05-10:499.93|2025-06-07:499.93|2025-07-05:499.93,2025-05-07,none,Installments of 3 payments totaling 1499.79 starting 2025-05-10 complete the request safely within the permitted duration. The projected minimum balance is 1672.85.
request_204,0,not_affordable,not_recommended,none,,none,"No safe option completes the 588.74 request within the forecast horizon. The amount safe to pay today is 0, which cannot be completed safely with any available payment plan."
request_205,10621000,affordable_now,full_payment,2024-03-06:10621000,2024-03-06,none,Full payment of 10621000 is safe on 2024-03-06 while preserving the required minimum balance. The projected minimum balance is 18073007.71.
request_206,1404.7,affordable_with_plan,installments,2025-08-03:486.96|2025-08-31:486.96|2025-09-28:486.96,2025-08-03,none,Installments of 3 payments totaling 1460.88 starting 2025-08-03 complete the request safely within the permitted duration. The projected minimum balance is 1738.49.
request_207,6737.41,affordable_later,wait,2026-07-15:11830,2026-07-15,none,"Wait until 2026-07-15 to make the full payment of 11830, preserving the required minimum balance. The projected minimum balance is 20337.41."
request_208,4413000,affordable_now,full_payment,2024-06-07:4413000,2024-06-07,none,Full payment of 4413000 is safe on 2024-06-07 while preserving the required minimum balance. The projected minimum balance is 10933324.43.
request_209,3034.53,not_affordable,not_recommended,none,,none,"No safe option completes the 56914 request within the forecast horizon. The amount safe to pay today is 3034.53, which cannot be completed safely with any available payment plan."
request_210,1115.14,affordable_with_plan,partial_payment,2026-04-06:1115.14|2026-04-15:244.88,2026-04-15,none,"A partial payment of 1115.14 is safe now, with the remainder of 244.88 scheduled for 2026-04-15. The projected minimum balance is 2000."
request_211,346.16,affordable_later,wait,2024-11-15:1788.60,2024-11-15,none,"Wait until 2024-11-15 to make the full payment of 1788.6, preserving the required minimum balance. The projected minimum balance is 1846.16."
request_212,0,not_affordable,not_recommended,none,,none,"No safe option completes the 71934000 request within the forecast horizon. The amount safe to pay today is 0, which cannot be completed safely with any available payment plan."
request_213,3362.4,affordable_with_plan,installments,2026-01-21:1165.63|2026-02-20:1165.63|2026-03-22:1165.63,2026-01-07,none,Installments of 3 payments totaling 3496.89 starting 2026-01-21 complete the request safely within the permitted duration. The projected minimum balance is 3679.65.
request_214,69750,affordable_with_plan,installments,2024-12-04:36270|2025-01-01:36270,2024-12-04,none,Installments of 2 payments totaling 72540 starting 2024-12-04 complete the request safely within the permitted duration. The projected minimum balance is 217547.16.
request_215,29986,affordable_with_plan,installments,2025-05-09:10395.15|2025-06-06:10395.15|2025-07-04:10395.15,2025-05-06,none,Installments of 3 payments totaling 31185.45 starting 2025-05-09 complete the request safely within the permitted duration. The projected minimum balance is 30942.71.
request_216,0,not_affordable,not_recommended,none,,none,"No safe option completes the 3332.4 request within the forecast horizon. The amount safe to pay today is 0, which cannot be completed safely with any available payment plan."
request_217,22792.41,affordable_with_plan,installments,2024-03-19:12889.07|2024-04-19:12889.07|2024-05-20:12889.07,2024-04-15,none,Installments of 3 payments totaling 38667.21 starting 2024-03-19 complete the request safely within the permitted duration. The projected minimum balance is 39238.89.
request_218,26419759.72,affordable_with_plan,installments,2025-08-07:21195893.33|2025-09-04:21195893.33|2025-10-02:21195893.33,2025-09-15,none,Installments of 3 payments totaling 63587679.99 starting 2025-08-07 complete the request safely within the permitted duration. The projected minimum balance is 39701066.39.
request_219,0,not_affordable,not_recommended,none,,none,"No safe option completes the 1673.1 request within the forecast horizon. The amount safe to pay today is 0, which cannot be completed safely with any available payment plan."
request_220,185.03,not_affordable,not_recommended,none,,none,"No safe option completes the 3118.5 request within the forecast horizon. The amount safe to pay today is 185.03, which cannot be completed safely with any available payment plan."
request_221,109800,affordable_now,full_payment,2025-11-03:109800,2025-11-03,none,Full payment of 109800 is safe on 2025-11-03 while preserving the required minimum balance. The projected minimum balance is 104502.97.
request_222,34078,affordable_now,full_payment,2026-01-05:34078,2026-01-05,none,Full payment of 34078 is safe on 2026-01-05 while preserving the required minimum balance. The projected minimum balance is 37343.72.
request_223,898.7,affordable_now,full_payment,2024-09-07:898.70,2024-09-07,none,Full payment of 898.7 is safe on 2024-09-07 while preserving the required minimum balance. The projected minimum balance is 1061.95.
request_224,10327000,affordable_with_plan,installments,2025-02-04:5370040|2025-03-04:5370040,2025-02-04,none,Installments of 2 payments totaling 10740080 starting 2025-02-04 complete the request safely within the permitted duration. The projected minimum balance is 27527570.68.
request_225,13370213.3,affordable_with_plan,installments,2026-07-20:7647120|2026-08-19:7647120|2026-09-18:7647120,2026-08-15,none,Installments of 3 payments totaling 22941360 starting 2026-07-20 complete the request safely within the permitted duration. The projected minimum balance is 30207900.56.
request_226,157000,affordable_now,full_payment,2024-12-03:157000,2024-12-03,none,Full payment of 157000 is safe on 2024-12-03 while preserving the required minimum balance. The projected minimum balance is 269863.79.
request_227,12861.34,not_affordable,not_recommended,none,,none,"No safe option completes the 259700 request within the forecast horizon. The amount safe to pay today is 12861.34, which cannot be completed safely with any available payment plan."
request_228,0,not_affordable,not_recommended,none,,none,"No safe option completes the 63327000 request within the forecast horizon. The amount safe to pay today is 0, which cannot be completed safely with any available payment plan."
request_229,550.76,affordable_with_plan,installments,2024-03-18:529.29|2024-04-18:529.29|2024-05-19:529.29,2024-04-15,none,Installments of 3 payments totaling 1587.87 starting 2024-03-18 complete the request safely within the permitted duration. The projected minimum balance is 1550.76.
request_230,3537.6,affordable_now,full_payment,2025-08-06:3537.60,2025-08-06,none,Full payment of 3537.6 is safe on 2025-08-06 while preserving the required minimum balance. The projected minimum balance is 4207.5.
request_231,35706,affordable_with_plan,installments,2026-01-06:12378.08|2026-02-05:12378.08|2026-03-07:12378.08,2026-01-03,none,Installments of 3 payments totaling 37134.24 starting 2026-01-06 complete the request safely within the permitted duration. The projected minimum balance is 51957.38.
request_232,0,not_affordable,not_recommended,none,,none,"No safe option completes the 1970.1 request within the forecast horizon. The amount safe to pay today is 0, which cannot be completed safely with any available payment plan."
request_233,0,not_affordable,not_recommended,none,,none,"No safe option completes the 6241000 request within the forecast horizon. The amount safe to pay today is 0, which cannot be completed safely with any available payment plan."
request_234,341.35,affordable_later,wait,2026-08-15:1213.30,2026-08-15,none,"Wait until 2026-08-15 to make the full payment of 1213.3, preserving the required minimum balance. The projected minimum balance is 1041.35."
request_235,967.2,affordable_now,full_payment,2024-09-06:967.20,2024-09-06,none,Full payment of 967.2 is safe on 2024-09-06 while preserving the required minimum balance. The projected minimum balance is 941.05.
request_236,7443718.01,not_affordable,not_recommended,none,2025-04-15,none,No safe option completes the 52383000 request by the desired date. The amount safe to pay today is 7443718.01.
request_237,23826000,affordable_now,full_payment,2026-04-05:23826000,2026-04-05,none,Full payment of 23826000 is safe on 2026-04-05 while preserving the required minimum balance. The projected minimum balance is 34527531.94.
request_238,663.6,affordable_with_plan,installments,2024-12-07:230.05|2025-01-07:230.05|2025-02-07:230.05,2024-12-07,none,Installments of 3 payments totaling 690.15 starting 2024-12-07 complete the request safely within the permitted duration. The projected minimum balance is 1484.18.
request_239,63.14,not_affordable,not_recommended,none,,none,"No safe option completes the 642 request within the forecast horizon. The amount safe to pay today is 63.14, which cannot be completed safely with any available payment plan."
request_240,0,not_affordable,not_recommended,none,,none,"No safe option completes the 101200 request within the forecast horizon. The amount safe to pay today is 0, which cannot be completed safely with any available payment plan."
request_241,21052000,affordable_with_plan,installments,2024-03-17:7298026.67|2024-04-17:7298026.67|2024-05-18:7298026.67,2024-03-03,none,Installments of 3 payments totaling 21894080.01 starting 2024-03-17 complete the request safely within the permitted duration. The projected minimum balance is 36026564.77.
request_242,0,not_affordable,not_recommended,none,,none,"No safe option completes the 1966.8 request within the forecast horizon. The amount safe to pay today is 0, which cannot be completed safely with any available payment plan."
request_243,17468,affordable_now,full_payment,2026-07-07:17468,2026-07-07,none,Full payment of 17468 is safe on 2026-07-07 while preserving the required minimum balance. The projected minimum balance is 25763.6.
request_244,24526.01,not_affordable,not_recommended,none,,none,"No safe option completes the 49918 request within the forecast horizon. The amount safe to pay today is 24526.01, which cannot be completed safely with any available payment plan."
request_245,40922.52,affordable_later,wait,2025-12-15:128500,2025-12-15,none,"Wait until 2025-12-15 to make the full payment of 128500, preserving the required minimum balance. The projected minimum balance is 135522.52."
request_246,64086,affordable_with_plan,installments,2026-04-03:22216.48|2026-05-03:22216.48|2026-06-02:22216.48,2026-04-03,none,Installments of 3 payments totaling 66649.44 starting 2026-04-03 complete the request safely within the permitted duration. The projected minimum balance is 60329.96.
request_247,1059.3,affordable_now,full_payment,2024-09-05:1059.30,2024-09-05,none,Full payment of 1059.3 is safe on 2024-09-05 while preserving the required minimum balance. The projected minimum balance is 1480.11.
request_248,752.07,not_affordable,not_recommended,none,,none,"No safe option completes the 1965.6 request within the forecast horizon. The amount safe to pay today is 752.07, which cannot be completed safely with any available payment plan."
request_249,210.68,not_affordable,not_recommended,none,,none,"No safe option completes the 643.2 request within the forecast horizon. The amount safe to pay today is 210.68, which cannot be completed safely with any available payment plan."
request_250,18123.08,not_affordable,not_recommended,none,,none,"No safe option completes the 124278 request within the forecast horizon. The amount safe to pay today is 18123.08, which cannot be completed safely with any available payment plan."
request_251,579.25,not_affordable,not_recommended,none,,none,"No safe option completes the 1513.6 request within the forecast horizon. The amount safe to pay today is 579.25, which cannot be completed safely with any available payment plan."
request_252,6092159.63,affordable_later,wait,2026-08-15:28082000,2026-08-15,none,"Wait until 2026-08-15 to make the full payment of 28082000, preserving the required minimum balance. The projected minimum balance is 21244359.63."
request_253,1988.99,affordable_with_plan,installments,2024-03-21:984.60|2024-04-21:984.60|2024-05-22:984.60,2024-03-15,none,Installments of 3 payments totaling 2953.8 starting 2024-03-21 complete the request safely within the permitted duration. The projected minimum balance is 3786.39.
request_254,714.43,affordable_later,wait,2025-09-15:3535.20,2025-09-15,none,"Wait until 2025-09-15 to make the full payment of 3535.2, preserving the required minimum balance. The projected minimum balance is 3204.89."
request_255,3345000,affordable_now,full_payment,2026-04-06:3345000,2026-04-06,none,Full payment of 3345000 is safe on 2026-04-06 while preserving the required minimum balance. The projected minimum balance is 13929065.47.
request_256,0,not_affordable,not_recommended,none,,none,"No safe option completes the 218700 request within the forecast horizon. The amount safe to pay today is 0, which cannot be completed safely with any available payment plan."
request_257,728.52,affordable_later,wait,2025-11-15:1352.40,2025-11-15,none,"Wait until 2025-11-15 to make the full payment of 1352.4, preserving the required minimum balance. The projected minimum balance is 1852.37."
request_258,1113.6,affordable_now,full_payment,2026-01-07:1113.60,2026-01-07,none,Full payment of 1113.6 is safe on 2026-01-07 while preserving the required minimum balance. The projected minimum balance is 1297.47.
request_259,295.4,affordable_later,wait,2024-10-15:935,2024-10-15,none,"Wait until 2024-10-15 to make the full payment of 935, preserving the required minimum balance. The projected minimum balance is 801.72."
request_26,15656000,affordable_now,full_payment,2025-08-03:15656000,2025-08-03,none,Full payment of 15656000 is safe on 2025-08-03 while preserving the required minimum balance. The projected minimum balance is 35997364.44.
request_260,9786395.51,affordable_with_plan,partial_payment,2025-02-06:9786395.51|2025-04-15:42292604.49,2025-04-15,none,"A partial payment of 9786395.51 is safe now, with the remainder of 42292604.49 scheduled for 2025-04-15. The projected minimum balance is 20727700."
request_261,1830.4,affordable_now,full_payment,2026-07-03:1830.40,2026-07-03,none,Full payment of 1830.4 is safe on 2026-07-03 while preserving the required minimum balance. The projected minimum balance is 2055.84.
request_262,9236000,affordable_now,full_payment,2024-12-05:9236000,2024-12-05,none,Full payment of 9236000 is safe on 2024-12-05 while preserving the required minimum balance. The projected minimum balance is 61517763.69.
request_263,10662.25,not_affordable,not_recommended,none,,none,"No safe option completes the 51546 request within the forecast horizon. The amount safe to pay today is 10662.25, which cannot be completed safely with any available payment plan."
request_264,27547.12,affordable_later,wait,2026-05-15:111300,2026-05-15,none,"Wait until 2026-05-15 to make the full payment of 111300, preserving the required minimum balance. The projected minimum balance is 70096.48."
request_265,45970,affordable_now,full_payment,2024-03-06:45970,2024-03-06,none,Full payment of 45970 is safe on 2024-03-06 while preserving the required minimum balance. The projected minimum balance is 223124.46.
request_266,825.99,affordable_with_plan,installments,2025-08-03:324.13|2025-08-31:324.13|2025-09-28:324.13,2025-08-15,none,Installments of 3 payments totaling 972.39 starting 2025-08-03 complete the request safely within the permitted duration. The projected minimum balance is 1235.44.
request_267,1862.99,affordable_with_plan,installments,2026-01-08:667.33|2026-02-07:667.33|2026-03-09:667.33,2026-01-15,none,Installments of 3 payments totaling 2001.99 starting 2026-01-08 complete the request safely within the permitted duration. The projected minimum balance is 2614.05.
request_268,1148.52,affordable_with_plan,installments,2024-06-14:841.22|2024-07-15:841.22|2024-08-15:841.22,2024-07-15,none,Installments of 3 payments totaling 2523.66 starting 2024-06-14 complete the request safely within the permitted duration. The projected minimum balance is 1707.3.
request_269,0,not_affordable,not_recommended,none,,none,"No safe option completes the 15490 request within the forecast horizon. The amount safe to pay today is 0, which cannot be completed safely with any available payment plan."
request_27,6670,affordable_now,full_payment,2026-07-05:6670,2026-07-05,none,Full payment of 6670 is safe on 2026-07-05 while preserving the required minimum balance. The projected minimum balance is 35121.72.
request_270,255.68,not_affordable,not_recommended,none,2026-08-20,none,No safe option completes the 3028.8 request by the desired date. The amount safe to pay today is 255.68.
request_271,26850.84,affordable_later,wait,2024-11-15:91300,2024-11-15,none,"Wait until 2024-11-15 to make the full payment of 91300, preserving the required minimum balance. The projected minimum balance is 85050.84."
request_272,6128654.63,affordable_with_plan,installments,2025-02-12:4709466.67|2025-03-12:4709466.67|2025-04-09:4709466.67,2025-02-15,none,Installments of 3 payments totaling 14128400.01 starting 2025-02-12 complete the request safely within the permitted duration. The projected minimum balance is 8927787.96.
request_273,11009020.37,affordable_with_plan,partial_payment,2026-04-07:11009020.37|2026-04-15:4851979.63,2026-04-15,none,"A partial payment of 11009020.37 is safe now, with the remainder of 4851979.63 scheduled for 2026-04-15. The projected minimum balance is 18774600."
request_274,2494.05,affordable_with_plan,installments,2024-12-04:940.75|2025-01-04:940.75|2025-02-04:940.75,2024-12-15,none,Installments of 3 payments totaling 2822.25 starting 2024-12-04 complete the request safely within the permitted duration. The projected minimum balance is 3353.3.
request_275,15884000,affordable_now,full_payment,2025-05-06:15884000,2025-05-06,none,Full payment of 15884000 is safe on 2025-05-06 while preserving the required minimum balance. The projected minimum balance is 15315082.81.
request_28,378.81,affordable_later,wait,2024-08-15:1302.40,2024-08-15,none,"Wait until 2024-08-15 to make the full payment of 1302.4, preserving the required minimum balance. The projected minimum balance is 1478.81."
request_29,29054.09,not_affordable,not_recommended,none,,none,"No safe option completes the 51524 request within the forecast horizon. The amount safe to pay today is 29054.09, which cannot be completed safely with any available payment plan."
request_30,775.2,affordable_with_plan,installments,2026-04-06:268.74|2026-05-06:268.74|2026-06-05:268.74,2026-04-06,none,Installments of 3 payments totaling 806.22 starting 2026-04-06 complete the request safely within the permitted duration. The projected minimum balance is 997.99.
request_31,3980188.14,affordable_later,wait,2024-10-15:18164000,2024-10-15,none,"Wait until 2024-10-15 to make the full payment of 18164000, preserving the required minimum balance. The projected minimum balance is 17753614.12."
request_32,0,not_affordable,not_recommended,none,,none,"No safe option completes the 40018 request within the forecast horizon. The amount safe to pay today is 0, which cannot be completed safely with any available payment plan."
request_33,48518.74,affordable_later,wait,2026-02-15:118000,2026-02-15,none,"Wait until 2026-02-15 to make the full payment of 118000, preserving the required minimum balance. The projected minimum balance is 150618.74."
request_34,129400,affordable_now,full_payment,2024-12-04:129400,2024-12-04,none,Full payment of 129400 is safe on 2024-12-04 while preserving the required minimum balance. The projected minimum balance is 155500.6.
request_35,44681.66,affordable_later,wait,2026-01-15:212000,2026-01-15,none,"Wait until 2026-01-15 to make the full payment of 212000, preserving the required minimum balance. The projected minimum balance is 151081.66."
request_36,0,not_affordable,not_recommended,none,,none,"No safe option completes the 3954 request within the forecast horizon. The amount safe to pay today is 0, which cannot be completed safely with any available payment plan."
request_37,6283828.64,affordable_later,wait,2024-05-15:14649000,2024-05-15,none,"Wait until 2024-05-15 to make the full payment of 14649000, preserving the required minimum balance. The projected minimum balance is 23340028.64."
request_38,213.3,affordable_later,wait,2025-09-15:971.30,2025-09-15,none,"Wait until 2025-09-15 to make the full payment of 971.3, preserving the required minimum balance. The projected minimum balance is 613.3."
request_39,78466.95,affordable_later,wait,2026-05-15:208600,2026-05-15,none,"Wait until 2026-05-15 to make the full payment of 208600, preserving the required minimum balance. The projected minimum balance is 291866.95."
request_40,0,not_affordable,not_recommended,none,,none,"No safe option completes the 1290.3 request within the forecast horizon. The amount safe to pay today is 0, which cannot be completed safely with any available payment plan."
request_41,14761451.87,affordable_later,wait,2025-12-15:38760000,2025-12-15,none,"Wait until 2025-12-15 to make the full payment of 38760000, preserving the required minimum balance. The projected minimum balance is 40128051.87."
request_42,52100,affordable_now,full_payment,2026-01-05:52100,2026-01-05,none,Full payment of 52100 is safe on 2026-01-05 while preserving the required minimum balance. The projected minimum balance is 179415.33.
request_43,8647526.67,affordable_later,wait,2024-11-15:43339000,2024-11-15,none,"Wait until 2024-11-15 to make the full payment of 43339000, preserving the required minimum balance. The projected minimum balance is 30045526.67."
request_44,0,not_affordable,not_recommended,none,,none,"No safe option completes the 95800 request within the forecast horizon. The amount safe to pay today is 0, which cannot be completed safely with any available payment plan."
request_45,0,not_affordable,not_recommended,none,,none,"No safe option completes the 21983000 request within the forecast horizon. The amount safe to pay today is 0, which cannot be completed safely with any available payment plan."
request_46,47395.71,affordable_with_plan,partial_payment,2024-12-03:47395.71|2024-12-15:2054.29,2024-12-15,none,"A partial payment of 47395.71 is safe now, with the remainder of 2054.29 scheduled for 2024-12-15. The projected minimum balance is 84000."
request_47,16819692.83,not_affordable,not_recommended,none,,none,"No safe option completes the 38114000 request within the forecast horizon. The amount safe to pay today is 16819692.83, which cannot be completed safely with any available payment plan."
request_48,45700,affordable_now,full_payment,2026-07-25:45700,2026-07-25,none,Full payment of 45700 is safe on 2026-07-25 while preserving the required minimum balance. The projected minimum balance is 96270.44.
request_49,14336932.32,affordable_with_plan,installments,2024-03-18:11902106.67|2024-04-18:11902106.67|2024-05-19:11902106.67,2024-05-15,none,Installments of 3 payments totaling 35706320.01 starting 2024-03-18 complete the request safely within the permitted duration. The projected minimum balance is 30789228.93.
request_50,43900,affordable_now,full_payment,2025-08-06:43900,2025-08-06,none,Full payment of 43900 is safe on 2025-08-06 while preserving the required minimum balance. The projected minimum balance is 167144.23.
request_51,2191000,affordable_now,full_payment,2026-01-03:2191000,2026-01-03,none,Full payment of 2191000 is safe on 2026-01-03 while preserving the required minimum balance. The projected minimum balance is 12311841.74.
request_52,22367.86,affordable_later,wait,2024-06-15:28870,2024-06-15,none,"Wait until 2024-06-15 to make the full payment of 28870, preserving the required minimum balance. The projected minimum balance is 63867.86."
request_53,647.19,affordable_with_plan,installments,2025-11-21:589.06|2025-12-19:589.06|2026-01-16:589.06,2025-12-15,none,Installments of 3 payments totaling 1767.18 starting 2025-11-21 complete the request safely within the permitted duration. The projected minimum balance is 2747.19.
request_54,0,not_affordable,not_recommended,none,,none,"No safe option completes the 121528 request within the forecast horizon. The amount safe to pay today is 0, which cannot be completed safely with any available payment plan."
request_55,125603.53,affordable_with_plan,installments,2026-06-11:75781.33|2026-07-12:75781.33|2026-08-12:75781.33,2026-07-15,none,Installments of 3 payments totaling 227343.99 starting 2026-06-11 complete the request safely within the permitted duration. The projected minimum balance is 174122.2.
request_56,777.1,affordable_with_plan,partial_payment,2025-02-03:777.10|2025-02-15:104.46,2025-02-15,none,"A partial payment of 777.1 is safe now, with the remainder of 104.46 scheduled for 2025-02-15. The projected minimum balance is 2100."
request_57,14367.68,affordable_later,wait,2026-05-15:61446,2026-05-15,none,"Wait until 2026-05-15 to make the full payment of 61446, preserving the required minimum balance. The projected minimum balance is 43148.28."
request_58,16226000,affordable_now,full_payment,2024-12-07:16226000,2024-12-07,none,Full payment of 16226000 is safe on 2024-12-07 while preserving the required minimum balance. The projected minimum balance is 21274205.92.
request_59,140600,affordable_with_plan,installments,2025-05-07:48741.33|2025-06-04:48741.33|2025-07-02:48741.33,2025-05-04,none,Installments of 3 payments totaling 146223.99 starting 2025-05-07 complete the request safely within the permitted duration. The projected minimum balance is 213936.9.
request_60,173.72,affordable_later,wait,2026-01-15:199.89,2026-01-15,none,"Wait until 2026-01-15 to make the full payment of 199.89, preserving the required minimum balance. The projected minimum balance is 401.95."
request_61,29062,affordable_with_plan,installments,2024-03-17:10074.83|2024-04-17:10074.83|2024-05-18:10074.83,2024-03-03,none,Installments of 3 payments totaling 30224.49 starting 2024-03-17 complete the request safely within the permitted duration. The projected minimum balance is 63240.57.
request_62,404.23,affordable_now,full_payment,2025-08-05:404.23,2025-08-05,none,Full payment of 404.23 is safe on 2025-08-05 while preserving the required minimum balance. The projected minimum balance is 3869.31.
request_63,69282.03,affordable_with_plan,partial_payment,2026-07-07:69282.03|2026-09-15:274617.97,2026-09-15,none,"A partial payment of 69282.03 is safe now, with the remainder of 274617.97 scheduled for 2026-09-15. The projected minimum balance is 153500."
request_64,0,not_affordable,not_recommended,none,,none,"No safe option completes the 63700 request within the forecast horizon. The amount safe to pay today is 0, which cannot be completed safely with any available payment plan."
request_65,7114.42,not_affordable,not_recommended,none,,none,"No safe option completes the 54340 request within the forecast horizon. The amount safe to pay today is 7114.42, which cannot be completed safely with any available payment plan."
request_66,22200,affordable_now,full_payment,2026-04-03:22200,2026-04-03,none,Full payment of 22200 is safe on 2026-04-03 while preserving the required minimum balance. The projected minimum balance is 230671.49.
request_67,474.24,affordable_later,wait,2024-11-15:2094,2024-11-15,none,"Wait until 2024-11-15 to make the full payment of 2094, preserving the required minimum balance. The projected minimum balance is 1674.24."
request_68,0,not_affordable,not_recommended,none,,none,"No safe option completes the 2091.6 request within the forecast horizon. The amount safe to pay today is 0, which cannot be completed safely with any available payment plan."
request_69,529.1,affordable_now,full_payment,2026-01-04:529.10,2026-01-04,none,Full payment of 529.1 is safe on 2026-01-04 while preserving the required minimum balance. The projected minimum balance is 848.35.
request_70,61892.21,affordable_later,wait,2025-01-15:243900,2025-01-15,none,"Wait until 2025-01-15 to make the full payment of 243900, preserving the required minimum balance. The projected minimum balance is 124046.76."
request_71,2510054.78,not_affordable,not_recommended,none,,none,"No safe option completes the 21451000 request within the forecast horizon. The amount safe to pay today is 2510054.78, which cannot be completed safely with any available payment plan."
request_72,0,not_affordable,not_recommended,none,,none,"No safe option completes the 11330 request within the forecast horizon. The amount safe to pay today is 0, which cannot be completed safely with any available payment plan."
request_73,71400,affordable_now,full_payment,2023-01-20:71400,2023-01-20,none,Full payment of 71400 is safe on 2023-01-20 while preserving the required minimum balance. The projected minimum balance is 121023.53.
request_74,5010,affordable_now,full_payment,2025-08-04:5010,2025-08-04,none,Full payment of 5010 is safe on 2025-08-04 while preserving the required minimum balance. The projected minimum balance is 35765.08.
request_75,28270,affordable_with_plan,installments,2026-04-09:9800.27|2026-05-09:9800.27|2026-06-08:9800.27,2026-04-06,none,Installments of 3 payments totaling 29400.81 starting 2026-04-09 complete the request safely within the permitted duration. The projected minimum balance is 44294.75.
request_76,778.06,not_affordable,not_recommended,none,,none,"No safe option completes the 4455.6 request within the forecast horizon. The amount safe to pay today is 778.06, which cannot be completed safely with any available payment plan."
request_77,60700,affordable_now,full_payment,2025-11-05:60700,2025-11-05,none,Full payment of 60700 is safe on 2025-11-05 while preserving the required minimum balance. The projected minimum balance is 93650.66.
request_78,50200,affordable_now,full_payment,2025-10-02:50200,2025-10-02,none,Full payment of 50200 is safe on 2025-10-02 while preserving the required minimum balance. The projected minimum balance is 61437.25.
request_79,433.37,not_affordable,not_recommended,none,2024-11-15,none,No safe option completes the 2151.6 request by the desired date. The amount safe to pay today is 433.37.
request_80,124482.46,not_affordable,not_recommended,none,,none,"No safe option completes the 217500 request within the forecast horizon. The amount safe to pay today is 124482.46, which cannot be completed safely with any available payment plan."
request_81,2076,affordable_now,full_payment,2026-07-03:2076,2026-07-03,none,Full payment of 2076 is safe on 2026-07-03 while preserving the required minimum balance. The projected minimum balance is 1827.05.
request_82,506.87,affordable_later,wait,2025-01-15:1405.20,2025-01-15,none,"Wait until 2025-01-15 to make the full payment of 1405.2, preserving the required minimum balance. The projected minimum balance is 1154.19."
request_83,0,not_affordable,not_recommended,none,,none,"No safe option completes the 156200 request within the forecast horizon. The amount safe to pay today is 0, which cannot be completed safely with any available payment plan."
request_84,36754.28,affordable_later,wait,2026-05-15:95400,2026-05-15,none,"Wait until 2026-05-15 to make the full payment of 95400, preserving the required minimum balance. The projected minimum balance is 128054.28."
request_85,1070403.01,not_affordable,not_recommended,none,,none,"No safe option completes the 19304000 request within the forecast horizon. The amount safe to pay today is 1070403.01, which cannot be completed safely with any available payment plan."
request_86,21279.15,not_affordable,not_recommended,none,,none,"No safe option completes the 46300 request within the forecast horizon. The amount safe to pay today is 21279.15, which cannot be completed safely with any available payment plan."
request_87,0,not_affordable,not_recommended,none,,none,"No safe option completes the 487900 request within the forecast horizon. The amount safe to pay today is 0, which cannot be completed safely with any available payment plan."
request_88,12235.89,affordable_with_plan,installments,2024-06-14:9045.23|2024-07-15:9045.23|2024-08-15:9045.23,2024-06-15,none,Installments of 3 payments totaling 27135.69 starting 2024-06-14 complete the request safely within the permitted duration. The projected minimum balance is 28990.66.
request_89,11150483.61,affordable_with_plan,installments,2025-11-18:4768746.67|2025-12-16:4768746.67|2026-01-13:4768746.67,2025-12-15,none,Installments of 3 payments totaling 14306240.01 starting 2025-11-18 complete the request safely within the permitted duration. The projected minimum balance is 16163073.88.
request_90,2560,affordable_now,full_payment,2026-07-06:2560,2026-07-06,none,Full payment of 2560 is safe on 2026-07-06 while preserving the required minimum balance. The projected minimum balance is 26543.38.
request_91,602.42,affordable_later,wait,2024-11-15:1927.20,2024-11-15,none,"Wait until 2024-11-15 to make the full payment of 1927.2, preserving the required minimum balance. The projected minimum balance is 2702.42."
request_92,34034,affordable_now,full_payment,2025-02-05:34034,2025-02-05,none,Full payment of 34034 is safe on 2025-02-05 while preserving the required minimum balance. The projected minimum balance is 32914.05.
request_93,1729.2,affordable_now,full_payment,2026-04-07:1729.20,2026-04-07,none,Full payment of 1729.2 is safe on 2026-04-07 while preserving the required minimum balance. The projected minimum balance is 2070.9.
request_94,572,affordable_now,full_payment,2024-12-04:572,2024-12-04,none,Full payment of 572 is safe on 2024-12-04 while preserving the required minimum balance. The projected minimum balance is 627.35.
request_95,0,not_affordable,not_recommended,none,,none,"No safe option completes the 553000 request within the forecast horizon. The amount safe to pay today is 0, which cannot be completed safely with any available payment plan."
request_96,43475.36,not_affordable,not_recommended,none,,none,"No safe option completes the 90200 request within the forecast horizon. The amount safe to pay today is 43475.36, which cannot be completed safely with any available payment plan."
request_97,3148.34,affordable_with_plan,installments,2024-03-19:8145.28|2024-04-19:8145.28|2024-05-20:8145.28,2024-04-15,none,Installments of 3 payments totaling 24435.84 starting 2024-03-19 complete the request safely within the permitted duration. The projected minimum balance is 32848.34.
request_98,10203.56,affordable_later,wait,2025-09-15:27148,2025-09-15,none,"Wait until 2025-09-15 to make the full payment of 27148, preserving the required minimum balance. The projected minimum balance is 40203.56."
request_99,18062,affordable_now,full_payment,2026-07-04:18062,2026-07-04,none,Full payment of 18062 is safe on 2026-07-04 while preserving the required minimum balance. The projected minimum balance is 54609.21.
